,predictions,labels
0,-221.99146,-219.08011
1,-251.79382,-251.87553
2,-313.62717,-315.46127
3,15.290027,16.596523
4,-102.57215,-106.04032
5,110.530334,109.189575
6,-150.9229,-148.57027
7,-393.51544,-391.91418
8,197.57903,198.18954
9,137.58032,135.48708
10,152.10286,154.64496
11,64.67811,60.978546
12,321.65335,317.08862
13,578.91925,580.2209
14,474.4094,474.1588
15,105.1515,103.70417
16,522.71545,522.62463
17,-225.57468,-222.9481
18,-14.901262,-16.118315
19,-14.750958,-13.093793
20,235.71022,235.37375
21,-9.368474,-9.039968
22,-242.99487,-242.94894
23,-49.401264,-50.67675
24,-361.46048,-362.66754
25,303.81085,305.17975
26,-465.5897,-466.30478
27,-167.25357,-164.6664
28,-463.52222,-462.8365
29,-15.834801,-13.590415
30,-294.0247,-294.858
31,601.8597,601.9999
32,-164.43527,-161.68759
33,-746.8716,-745.7768
34,69.54261,67.42648
35,-25.910614,-26.299522
36,-265.57346,-264.20557
37,85.37438,84.99449
38,431.14633,431.06738
39,323.77148,324.97314
40,27.901756,27.430347
41,-104.454155,-108.439545
42,-604.24384,-604.1913
43,224.0776,224.37418
44,135.29082,135.54355
45,892.25757,893.4091
46,148.50302,145.02611
47,-27.076578,-22.91647
48,-339.73898,-339.72
49,-61.79647,-59.163845
50,114.3205,114.53254
51,5.1544366,3.537965
52,523.9094,525.4187
53,294.69556,294.24884
54,303.131,305.45
55,-35.11263,-38.094425
56,365.6021,366.64087
57,-120.195724,-115.03542
58,121.48153,119.6047
59,-33.166656,-31.103659
60,-546.777,-544.23663
61,-385.61273,-384.76776
62,17.882374,18.327785
63,820.2521,821.28076
64,176.85904,174.08034
65,661.8734,661.4299
66,453.31583,453.47678
67,-125.62385,-122.9416
68,323.23798,324.60022
69,-321.15372,-322.9337
70,-767.24066,-772.8848
71,-428.76535,-427.3768
72,54.755943,54.107212
73,223.09836,223.31982
74,-57.714504,-56.468643
75,101.15268,100.54589
76,-175.89871,-175.8397
77,119.40583,117.5444
78,-10.306322,-5.107486
79,-440.0915,-440.5607
80,194.73761,193.68813
81,-13.136779,-8.99045
82,69.412766,69.96845
83,26.915302,25.730562
84,-305.2692,-305.5999
85,4.5623236,5.8610153
86,-288.34048,-290.61288
87,-335.65036,-334.4178
88,-84.57328,-82.41582
89,-82.765076,-84.75969
90,325.5284,325.06238
91,62.268467,62.581806
92,155.79495,154.50226
93,-443.80713,-440.59113
94,-243.89021,-245.1914
95,23.620811,25.595198
96,-277.50076,-279.52905
97,76.1701,75.47866
98,166.66173,166.16449
99,92.123726,90.70224
100,21.973284,23.034985
101,-135.02762,-135.4796
102,-302.08853,-303.81204
103,-451.751,-454.69653
104,257.52237,258.1193
105,-188.97745,-191.10428
106,-19.236374,-19.581234
107,-204.4177,-209.0668
108,528.44257,528.4916
109,-234.42908,-234.13312
110,-387.89618,-387.5733
111,198.95804,195.83296
112,237.46606,237.04372
113,546.9838,549.35925
114,24.396,23.83869
115,-555.51117,-555.1672
116,42.551205,42.48921
117,-87.514626,-88.98692
118,72.79787,70.18009
119,-441.8549,-439.6893
120,92.94572,94.08592
121,-261.75778,-262.39508
122,-672.31134,-672.87964
123,272.37534,271.23123
124,142.38806,144.11003
125,-132.17676,-133.13095
126,-362.356,-361.52167
127,-166.42241,-160.16328
128,-229.26816,-228.74466
129,-403.8556,-405.86075
130,309.9429,308.16818
131,-184.71938,-183.02057
132,-203.57907,-204.53685
133,-415.32162,-415.2615
134,128.72064,130.5199
135,576.32904,575.7432
136,-226.09451,-228.02177
137,-353.28912,-354.62384
138,60.727413,58.199505
139,481.96094,483.70483
140,33.59249,31.615454
141,364.31503,368.36493
142,50.654682,51.60757
143,-96.34717,-98.35514
144,-56.567432,-57.352573
145,-532.008,-532.5591
146,225.27975,222.67825
147,373.24286,374.71417
148,-247.71753,-247.952
149,326.15134,327.80228
150,187.57556,186.87386
151,178.86713,179.26869
152,-350.06424,-349.03278
153,247.6869,249.23827
154,427.795,429.71954
155,-485.73834,-485.53052
156,-334.23544,-331.3592
157,399.34958,399.92633
158,-175.14972,-175.86832
159,-77.28131,-78.238335
160,-159.3871,-157.56102
161,312.24377,313.94965
162,269.1757,269.3392
163,-239.49559,-238.2759
164,-339.95624,-341.06122
165,-221.381,-222.44095
166,744.3536,746.0962
167,-205.12573,-204.32323
168,234.04211,234.981
169,-368.67288,-370.13968
170,-152.91052,-151.3011
171,-10.68244,-10.266817
172,-74.95745,-76.26498
173,579.84503,580.2468
174,-66.12637,-66.92867
175,232.47931,231.06444
176,116.13755,115.49721
177,-61.002953,-61.94824
178,875.7497,876.13306
179,331.6199,332.4374
180,-51.979347,-49.7774
181,436.50793,435.777
182,-464.27817,-462.82684
183,320.25293,321.49097
184,-230.3573,-228.778
185,-582.5156,-583.4623
186,-7.4105635,-5.633322
187,-232.32504,-231.16948
188,-100.086464,-93.808846
189,293.52933,293.42606
190,495.38577,496.64792
191,-138.04477,-136.08882
192,-223.58636,-223.45502
193,134.55687,135.5727
194,210.25069,208.3792
195,-298.07278,-298.06976
196,132.00299,132.04668
197,-70.95463,-70.42162
198,147.0608,147.518
199,154.27216,152.03546
200,-476.32913,-477.99905
201,-554.3106,-554.78827
202,-47.97762,-49.178684
203,-272.9716,-276.4751
204,416.67844,416.792
205,-13.508824,-7.529133
206,-328.56415,-326.54727
207,-255.83888,-256.48035
208,374.47067,374.52985
209,-62.18477,-61.892246
210,-616.77484,-618.1459
211,-53.395603,-53.89321
212,350.07507,349.56885
213,27.95388,29.610306
214,-65.53317,-68.17059
215,-174.14636,-173.63768
216,408.4869,409.2755
217,357.4393,356.16885
218,48.964962,48.564365
219,359.08255,362.0698
220,413.51343,414.85855
221,183.17706,181.72557
222,185.62923,188.76828
223,-93.62647,-92.35953
224,-24.237274,-21.74559
225,166.71507,165.9648
226,377.0338,379.87726
227,-325.295,-325.76318
228,-214.53131,-216.33398
229,-218.5607,-220.05498
230,145.72202,144.89563
231,-721.01715,-719.0611
232,-96.05723,-95.97189
233,442.50537,441.7459
234,-154.40517,-152.72928
235,276.1252,275.12302
236,140.03091,140.15482
237,-475.68948,-478.8643
238,-184.67046,-187.56154
239,-260.58203,-259.16907
240,-175.20847,-176.67722
241,179.9621,182.98366
242,113.1585,114.15605
243,265.3871,263.58786
244,-213.54617,-212.99614
245,-543.2451,-540.356
246,-365.43088,-363.68777
247,147.55295,150.45418
248,168.00583,167.99495
249,-24.04041,-24.315678
250,214.34685,218.2164
251,-211.30264,-210.75487
252,445.46298,445.30972
253,-636.55994,-636.6533
254,523.0196,523.58
255,375.16727,375.9917
256,-236.61604,-238.43567
257,341.73257,342.67474
258,110.65094,112.44175
259,-61.43382,-60.620033
260,-330.26837,-331.16318
261,-425.00125,-424.9278
262,-225.04471,-228.16937
263,107.980705,109.55499
264,-165.38608,-165.97975
265,-568.0887,-567.8367
266,31.00872,30.630913
267,-353.14697,-353.3862
268,404.2725,404.8033
269,-582.43976,-583.4824
270,564.1629,564.08875
271,-498.71484,-500.16626
272,15.763957,16.922392
273,91.66765,92.48773
274,143.20137,144.63695
275,186.65501,188.0896
276,390.4457,392.58072
277,133.9169,133.87804
278,-573.75494,-573.03516
279,459.89514,460.31433
280,377.10782,377.65546
281,206.74892,205.41054
282,-416.68048,-416.6514
283,-335.80005,-335.53986
284,-307.74518,-308.83163
285,341.13696,341.49054
286,483.69852,485.1664
287,-72.69177,-68.871124
288,-367.81607,-367.50513
289,-738.1141,-739.72174
290,296.02902,295.5366
291,-236.1401,-237.5245
292,-151.80937,-152.99144
293,385.98422,384.67993
294,61.695168,57.346054
295,188.68362,188.97995
296,-65.58362,-63.01077
297,128.4618,128.57054
298,451.2748,448.85175
299,-101.84608,-99.04277
300,-128.58446,-131.42712
301,405.06302,402.4654
302,-145.0209,-145.15175
303,397.05875,395.7716
304,85.39031,86.903465
305,37.60537,37.540386
306,275.59763,276.16574
307,-288.94394,-287.43964
308,-365.93393,-365.26813
309,-183.86418,-181.02786
310,-147.47087,-148.96448
311,-243.60425,-244.03372
312,344.81384,345.72485
313,447.40378,446.5187
314,-62.081455,-62.491325
315,121.17353,124.23401
316,298.98276,298.1364
317,559.6263,560.21265
318,26.509968,28.640429
319,169.39389,169.96832
320,310.53085,311.3369
321,-44.51845,-45.103294
322,-30.78711,-32.67014
323,69.07267,69.962715
324,509.10562,509.01147
325,-36.41972,-37.048023
326,56.651417,58.928032
327,-249.42476,-248.86424
328,307.7606,308.80182
329,-218.5296,-219.80374
330,70.2441,72.43547
331,-257.35767,-259.18164
332,437.9849,437.7512
333,181.35416,183.92534
334,-127.63347,-127.24217
335,236.662,236.43683
336,12.914894,11.005976
337,176.28815,177.14934
338,164.39896,165.3225
339,191.89851,190.57408
340,-15.61819,-18.535189
341,-371.1242,-371.35822
342,-513.72394,-514.1566
343,-142.24501,-144.04944
344,-311.27628,-310.44226
345,-50.955418,-51.77132
346,260.47794,260.502
347,115.40414,113.33606
348,-520.4303,-518.4723
349,-88.65212,-87.53143
350,-232.89034,-231.30049
351,-5.9257216,-9.467884
352,-250.81969,-251.90715
353,-374.76437,-375.07593
354,-316.00543,-310.77722
355,-264.5543,-263.9152
356,194.75958,196.29521
357,-298.09567,-299.26114
358,209.4257,210.83224
359,14.635665,13.026946
360,200.005,200.34253
361,106.53594,104.72461
362,-157.15411,-156.44643
363,375.3764,374.4882
364,-247.1239,-247.74591
365,93.3767,92.715935
366,95.60265,94.09236
367,192.13797,190.81839
368,-421.21964,-420.596
369,-114.69761,-117.39588
370,91.19324,93.11172
371,241.57724,241.69899
372,144.8857,144.88673
373,-273.32022,-274.79648
374,569.89355,570.4925
375,280.45657,280.41406
376,-255.84138,-255.71031
377,18.405693,16.9247
378,-1.5410084,-2.7038908
379,409.73642,410.74194
380,-2.7362254,-5.129582
381,-71.724236,-75.90944
382,-364.67816,-363.66653
383,242.05914,242.0456
384,-26.511003,-23.878605
385,-128.54636,-130.0752
386,-542.59784,-544.7848
387,404.24786,401.8111
388,-402.07065,-405.1755
389,-134.79446,-135.2485
390,-104.62085,-104.17524
391,-312.2262,-312.20016
392,20.807135,19.543663
393,-129.46654,-129.3798
394,185.39285,185.31502
395,182.5981,184.65683
396,145.56522,146.31306
397,606.7665,606.473
398,181.693,182.7284
399,-428.0506,-428.1161
400,-334.8606,-334.49344
401,-208.74821,-209.08287
402,171.74998,172.27579
403,66.47356,63.980408
404,-131.7278,-131.10301
405,-116.04455,-115.74588
406,-349.09354,-349.5421
407,619.77716,620.85205
408,-165.57025,-167.22931
409,-212.25166,-212.91635
410,46.214153,43.327957
411,113.54151,112.939415
412,105.14762,105.89777
413,402.3488,402.2863
414,-636.8671,-637.38324
415,-51.742657,-56.313396
416,-255.6302,-255.55023
417,-164.12796,-166.2667
418,409.74127,409.7344
419,-549.2348,-549.40344
420,-59.889324,-61.58745
421,86.35967,87.71934
422,-70.238464,-67.32637
423,-57.445675,-58.460625
424,-218.65147,-221.62608
425,-340.78577,-340.45483
426,-498.3347,-497.11203
427,585.76276,585.6297
428,32.538708,33.911182
429,345.45935,345.53378
430,-141.77542,-142.3673
431,-233.53746,-232.25967
432,-9.709229,-11.61254
433,325.72696,325.48795
434,-164.92464,-165.9944
435,-131.13907,-128.57033
436,-630.07837,-633.2285
437,37.4423,40.19392
438,-278.98077,-274.79388
439,399.64905,398.8712
440,-523.43884,-524.47925
441,460.52914,458.95175
442,-681.7863,-682.35254
443,-100.91841,-99.71871
444,15.636203,17.448816
445,217.42107,217.72571
446,20.377192,20.106524
447,218.45567,218.3959
448,56.59116,57.94341
449,290.9118,290.58792
450,61.98451,61.294453
451,-151.81183,-150.97289
452,-65.81965,-67.99986
453,-574.1643,-576.50134
454,124.15736,124.93966
455,-131.75926,-132.66994
456,-203.34242,-204.12602
457,-400.47354,-398.25983
458,-357.0118,-359.30063
459,74.385445,70.020004
460,220.17706,221.32562
461,58.79298,59.649673
462,-38.264923,-36.00049
463,99.324715,97.416306
464,565.9026,565.23065
465,54.506535,54.269226
466,212.6459,214.07147
467,-129.54019,-127.34736
468,365.15738,367.39557
469,-56.285873,-55.956886
470,346.9355,349.00195
471,-12.646958,-14.663543
472,73.9974,76.5643
473,29.77813,28.77965
474,47.881687,48.79366
475,123.31088,123.12727
476,864.9399,865.92316
477,241.02655,243.84808
478,512.7341,513.19617
479,-557.81506,-559.28296
480,363.9097,365.35254
481,-143.49731,-143.66522
482,344.02896,343.92593
483,143.82527,143.70956
484,472.47354,472.10107
485,257.86523,258.94376
486,76.5769,77.226425
487,94.52882,88.22388
488,84.88203,86.56244
489,93.460526,93.29133
490,-173.25912,-171.24141
491,-196.17874,-198.52701
492,30.763342,32.042213
493,-350.12057,-348.0925
494,335.40643,336.05508
495,238.89836,238.1356
496,-234.04124,-233.39471
497,219.5808,221.39232
498,510.0305,513.062
499,-60.125927,-59.344257
500,-271.57828,-272.8354
501,-11.917319,-13.502989
502,-65.07725,-60.150955
503,87.17882,93.383705
504,-29.424063,-30.314857
505,403.10782,404.11032
506,-273.00552,-272.95935
507,-336.13525,-336.9627
508,61.485577,59.278553
509,14.4013815,12.580526
510,659.19464,659.9214
511,42.736443,42.498764
512,-295.68466,-295.24713
513,-539.1503,-540.4606
514,-243.28992,-243.16779
515,155.80205,152.84242
516,-335.4869,-334.43787
517,214.42206,215.18724
518,-305.9587,-305.90186
519,-445.1184,-446.97522
520,-300.66504,-302.42084
521,281.23737,278.2632
522,-207.65305,-207.66629
523,11.065822,11.120732
524,234.74765,232.51605
525,164.00482,164.70238
526,23.790123,21.344454
527,421.5505,418.77084
528,-97.21004,-97.18701
529,178.82309,178.16599
530,-299.80435,-298.9644
531,-232.91623,-232.25412
532,206.80606,205.72781
533,-174.05197,-174.89859
534,698.1587,699.028
535,290.93207,291.23
536,-16.281635,-16.054289
537,-41.8589,-44.946587
538,219.2286,219.8786
539,384.25845,384.42108
540,96.93476,97.73531
541,37.522217,38.608967
542,610.7367,610.29846
543,-438.55887,-438.4144
544,304.71417,305.07053
545,-278.26816,-279.74768
546,130.18674,135.1961
547,87.98582,86.925674
548,-199.49008,-200.78606
549,-52.874733,-52.365875
550,-96.59847,-95.208015
551,197.83679,198.67863
552,230.41568,231.24174
553,93.208885,99.169426
554,-244.41934,-243.97762
555,-146.25807,-144.92497
556,115.51782,116.00785
557,-266.50198,-268.99765
558,-121.34594,-124.00092
559,484.10428,484.88986
560,101.02903,99.126976
561,-101.27087,-101.75943
562,-119.91822,-118.460014
563,315.1702,315.04587
564,176.02393,179.19124
565,-160.31232,-159.6057
566,440.8622,440.7714
567,118.0501,118.81791
568,413.915,413.97302
569,-206.15692,-206.26042
570,-135.85396,-135.34018
571,271.40714,269.93347
572,254.66437,254.68504
573,134.7476,134.48433
574,-176.5114,-176.7647
575,-33.318073,-34.015976
576,-179.72594,-180.35463
577,-280.27902,-278.36563
578,-161.53856,-157.53546
579,-204.6377,-204.15083
580,-31.666245,-29.116884
581,463.75485,466.11923
582,-307.8614,-310.32788
583,-375.01425,-373.72504
584,-10.60316,-12.379187
585,356.0519,356.08655
586,25.28664,27.238407
587,-68.37169,-67.71101
588,88.23873,86.37126
589,-260.86948,-259.07373
590,208.22638,208.52734
591,-328.74622,-329.12448
592,-69.89082,-69.12577
593,317.31198,315.65717
594,-203.8005,-202.79546
595,423.63293,422.75073
596,141.0364,142.37563
597,-214.02774,-213.39262
598,265.67465,266.2198
599,-49.412945,-50.408802
600,64.39452,64.77185
601,-106.001884,-102.10362
602,-41.09357,-41.371326
603,40.436222,39.84876
604,-396.17285,-396.89978
605,-290.88287,-289.70938
606,248.8344,249.92885
607,488.3706,488.6876
608,-290.47318,-289.1851
609,-129.67424,-130.96289
610,384.9349,384.9791
611,185.41617,182.6584
612,222.68509,223.4927
613,385.866,386.63943
614,80.58013,83.35688
615,-493.05902,-492.5724
616,-364.96497,-364.66547
617,-293.05078,-293.9729
618,475.98044,475.53546
619,10.844489,7.2342844
620,-361.84512,-363.02942
621,148.95578,149.98376
622,-104.061195,-102.30824
623,462.76077,461.6304
624,358.50998,358.9008
625,-375.76505,-373.7224
626,573.7984,574.25616
627,2.0428035,2.7817924
628,347.0133,347.1145
629,370.65274,370.78818
630,-154.55878,-153.65117
631,492.6539,493.86798
632,61.96959,63.23358
633,-273.32645,-275.09827
634,-159.08128,-159.99782
635,-647.8558,-645.95886
636,247.57356,247.87694
637,353.09232,355.31268
638,-323.90906,-324.20538
639,303.9101,304.31738
640,227.08228,226.64215
641,-468.57993,-470.67633
642,836.84924,837.121
643,289.75546,289.37018
644,-97.296364,-96.29
645,-291.94513,-292.7673
646,621.23047,622.32965
647,53.72139,53.72216
648,25.73853,26.25994
649,-608.7276,-606.62946
650,-265.60403,-263.93402
651,-201.57196,-198.86441
652,-358.56256,-360.56668
653,-30.64663,-28.193462
654,774.72455,771.48816
655,-185.62984,-182.1487
656,214.75903,215.84125
657,-351.20566,-349.8996
658,60.76746,64.08127
659,-835.3982,-833.6765
660,-207.15161,-206.70012
661,-81.781,-81.81195
662,142.7518,141.43602
663,215.33026,213.7362
664,-590.83826,-587.8223
665,322.0872,322.14792
666,176.20273,175.79051
667,38.06456,41.50686
668,352.44498,352.91238
669,-341.84753,-340.481
670,-238.86346,-238.15514
671,133.2845,133.06317
672,63.13026,61.964787
673,180.49345,179.1651
674,-180.09604,-177.64807
675,-168.80722,-168.55405
676,-363.20316,-363.85638
677,332.89423,332.10638
678,-65.33523,-67.40279
679,-240.92525,-241.41852
680,-92.94242,-95.114006
681,472.46295,473.06964
682,-169.8133,-171.68645
683,262.17673,262.67947
684,63.515415,64.84491
685,309.16718,310.427
686,144.81744,144.58286
687,358.20944,358.22205
688,154.69829,153.03488
689,184.37103,183.56453
690,400.29498,400.74088
691,-409.82462,-411.83707
692,-406.65793,-410.3327
693,-130.4513,-128.24417
694,-280.26746,-278.47205
695,50.15121,51.812126
696,245.71915,244.94305
697,-450.58868,-449.4625
698,-654.85443,-654.93036
699,76.78602,74.828995
700,324.6205,324.64633
701,248.7963,252.23895
702,78.08927,81.97848
703,146.3362,146.77072
704,-222.95793,-225.41641
705,-568.8037,-568.03107
706,174.91597,171.97697
707,-155.96136,-158.0175
708,184.91515,182.81618
709,405.99002,406.6675
710,169.45804,177.38599
711,781.9437,782.6544
712,-174.78432,-175.73044
713,79.24998,78.841934
714,-55.600155,-55.49224
715,-49.33559,-46.40861
716,-405.48206,-405.0215
717,222.80731,222.54994
718,-489.1461,-492.57343
719,27.708244,27.690157
720,-169.20108,-168.66435
721,-173.832,-173.6732
722,614.2276,614.93353
723,20.95091,20.31005
724,-782.1441,-782.9843
725,447.12497,446.1106
726,4.688811,4.4154344
727,356.88934,354.1299
728,559.85345,561.0501
729,61.223164,56.93962
730,385.09232,383.185
731,-209.31519,-213.38763
732,408.3712,408.9799
733,19.856518,20.419794
734,445.04263,446.54272
735,420.7971,421.52618
736,-240.25517,-240.60327
737,586.11945,587.2923
738,-31.818184,-32.87163
739,139.43585,141.20033
740,235.17654,232.43405
741,150.2348,149.81473
742,403.32663,404.26437
743,-192.99509,-191.92926
744,-640.1451,-640.81445
745,-57.126366,-58.112587
746,-36.577793,-36.164806
747,344.5174,345.4305
748,87.338326,87.767784
749,129.40097,130.34366
750,-462.56485,-462.19214
751,182.18616,182.57692
752,-295.39127,-296.8711
753,138.34879,136.64708
754,-278.23593,-278.2943
755,-248.86179,-251.66827
756,66.79474,65.413925
757,167.23813,167.7032
758,-759.7493,-759.7557
759,287.23782,287.4694
760,-230.9834,-228.55199
761,250.91664,254.19194
762,122.627914,122.90305
763,-227.77972,-232.88733
764,0.89205235,2.7860088
765,-76.98889,-76.91643
766,289.46713,286.40927
767,-493.63498,-494.8868
768,-152.1224,-150.9232
769,-128.04356,-132.182
770,55.482273,51.50839
771,214.38554,215.26872
772,-76.20063,-76.00603
773,-160.59775,-161.03996
774,-348.9128,-349.35147
775,-22.238495,-22.437584
776,-89.50924,-88.47336
777,-359.46548,-358.68454
778,1.9857017,2.0051973
779,-310.58698,-311.51028
780,-241.29617,-240.76901
781,60.255066,63.79986
782,-172.99118,-172.177
783,108.52744,108.82053
784,-225.30322,-227.97507
785,394.20288,394.3809
786,-100.965096,-98.09214
787,-16.861996,-16.924881
788,216.86646,216.65425
789,-176.40228,-185.1912
790,-156.12112,-158.2856
791,211.94608,209.78084
792,235.65552,236.60915
793,5.3718066,4.0288363
794,41.693855,44.463486
795,-196.98828,-196.66264
796,-114.17711,-113.21899
797,266.36234,268.5612
798,-142.01251,-142.05089
799,116.587685,117.30837
800,-353.7622,-355.14838
801,214.04462,214.22287
802,263.0196,261.77444
803,163.12148,162.77292
804,-83.281654,-80.88108
805,-420.968,-422.52377
806,-176.81119,-176.66306
807,-638.39813,-640.0864
808,-70.85906,-70.6958
809,-307.34195,-309.2944
810,391.20627,390.08063
811,126.53623,124.572845
812,367.2468,368.91342
813,-242.66022,-245.2462
814,-471.0684,-470.8806
815,-350.687,-350.0846
816,-324.26285,-322.48865
817,471.37366,471.74146
818,-431.4664,-435.39417
819,507.51047,508.04016
820,-2.3760216,-3.8163056
821,8.696049,6.59734
822,-134.57132,-134.18463
823,815.40045,813.9493
824,549.12933,547.5219
825,-34.570904,-29.04847
826,78.5696,80.916275
827,317.16153,315.74832
828,558.56464,559.273
829,98.993416,104.21857
830,-211.52022,-212.67085
831,-235.48291,-236.21124
832,-121.031105,-121.874176
833,269.2346,268.09024
834,87.22229,86.300354
835,382.43655,384.07376
836,223.47855,223.64511
837,-138.03159,-140.00699
838,408.4915,409.8868
839,-161.39038,-160.45444
840,116.429726,112.77534
841,29.976997,28.809109
842,88.58744,90.261215
843,-220.91562,-221.42274
844,71.80677,71.83026
845,-105.03443,-104.48548
846,230.1597,231.07793
847,-101.124245,-100.597046
848,-166.00482,-167.0172
849,-72.34817,-70.31205
850,65.294945,63.359188
851,-185.7817,-184.89313
852,-228.06462,-226.27536
853,505.0497,504.89505
854,152.98831,153.89629
855,60.320717,59.902634
856,410.96027,409.8995
857,-386.7109,-384.9354
858,-273.79276,-273.6117
859,-587.0312,-583.8409
860,-327.7985,-329.33536
861,-290.96365,-290.65933
862,-126.77256,-125.640724
863,136.22284,138.3331
864,212.57938,212.28429
865,-143.28806,-141.6181
866,620.2183,620.63995
867,-80.37941,-78.87507
868,-412.63925,-411.42535
869,-332.04782,-331.8373
870,-465.49417,-467.43185
871,-337.03104,-337.8842
872,508.50348,510.89807
873,415.0616,413.31912
874,-273.7211,-273.0671
875,-61.70242,-64.5294
876,-135.84967,-131.82065
877,-220.40431,-220.75905
878,-31.163855,-28.369696
879,493.68207,493.9125
880,93.23787,90.83996
881,-361.30197,-360.07993
882,244.20708,244.49223
883,360.48877,356.92743
884,-317.6304,-317.40405
885,-212.9567,-214.24226
886,223.47014,222.86006
887,-328.81607,-328.35757
888,-160.22482,-160.3049
889,-295.7958,-295.5171
890,181.49289,182.97307
891,-296.0931,-299.27383
892,512.1239,512.2709
893,-250.12775,-255.97668
894,167.26653,167.3448
895,-155.1622,-155.95264
896,320.78644,321.26743
897,583.25824,582.8406
898,134.76712,133.78903
899,-537.8722,-536.6229
900,16.841496,18.950975
901,-177.27019,-176.59897
902,370.78586,371.2488
903,-230.25517,-229.13593
904,62.549583,61.454906
905,-161.43948,-159.04378
906,-295.88617,-297.49957
907,-92.46241,-91.98483
908,55.19058,55.20978
909,-816.5518,-819.1472
910,20.719788,23.227787
911,-145.28406,-142.70686
912,191.11195,190.32835
913,216.83818,217.68407
914,565.93243,566.0044
915,328.50656,330.16534
916,-227.62135,-227.86331
917,613.5246,614.3148
918,542.60077,542.66125
919,52.14015,53.591175
920,207.27081,207.93605
921,479.75766,477.80566
922,-495.05893,-493.09485
923,-370.6562,-373.9944
924,396.45203,397.18497
925,721.0792,722.89386
926,-659.29236,-662.08124
927,-224.87659,-224.38567
928,296.72397,294.50537
929,-102.5471,-102.78285
930,300.16983,301.0832
931,814.20233,815.8872
932,71.77321,72.431625
933,-97.07621,-95.668304
934,-65.05159,-64.60729
935,-171.54996,-171.8903
936,-194.51987,-195.45015
937,-172.67238,-170.87335
938,-581.83624,-581.8164
939,-142.65453,-143.73058
940,519.8698,528.6929
941,690.91974,691.721
942,205.37985,205.53107
943,293.46152,293.41617
944,-7.4349923,-9.2279215
945,-410.29672,-410.7524
946,472.22034,471.9347
947,-193.6493,-195.38937
948,350.20633,350.1936
949,182.32336,181.48045
950,-287.79276,-289.12012
951,-250.68353,-251.8851
952,153.4044,152.33813
953,688.0522,689.7806
954,-12.318967,-14.039732
955,103.00829,103.21006
956,-708.5747,-708.7944
957,314.4019,314.74023
958,-14.649343,-14.699127
959,269.60416,270.2636
960,-309.8748,-310.28482
961,-45.846638,-52.728867
962,-116.80843,-116.51199
963,103.16532,104.56404
964,281.10385,281.20438
965,334.38846,333.04218
966,146.49457,147.01671
967,-366.8335,-365.09128
968,-399.75766,-400.2487
969,550.47485,550.5471
970,48.215565,49.203594
971,-407.73874,-409.34164
972,-610.41364,-609.8562
973,-119.27647,-120.80163
974,116.20372,115.59373
975,-184.25005,-186.86018
976,-41.73869,-47.142403
977,259.86435,261.28403
978,286.75247,286.52267
979,137.97823,135.67021
980,-65.46782,-64.31041
981,-255.89706,-255.0264
982,-88.5488,-89.54742
983,510.69284,510.78433
984,484.4387,483.5072
985,117.20826,118.628456
986,-262.644,-264.11563
987,-127.48325,-125.53649
988,38.794132,41.29198
989,-25.21281,-22.116512
990,139.96756,140.84958
991,194.92094,191.68521
992,550.7177,550.3043
993,133.06946,132.49796
994,152.45184,153.84036
995,335.13443,336.62137
996,249.64795,251.06062
997,314.3528,315.45917
998,-103.9947,-104.071266
999,94.065155,97.97483
1000,187.99527,187.79709
1001,194.16452,192.78906
1002,-171.94217,-173.2175
1003,54.40944,56.602695
1004,223.17274,220.36752
1005,181.08395,181.19815
1006,-217.62367,-216.5727
1007,-324.196,-322.6922
1008,101.18847,101.83408
1009,-803.12463,-800.66
1010,-486.36285,-486.91043
1011,-307.59695,-308.3675
1012,-168.57465,-168.90785
1013,-27.755365,-28.346766
1014,76.47633,79.088264
1015,44.74387,47.0453
1016,39.549644,38.609333
1017,-81.21043,-85.29283
1018,338.37573,339.3962
1019,359.63345,359.40524
1020,-137.17734,-134.17569
1021,-321.09448,-321.7785
1022,48.45406,47.225063
1023,316.1122,317.2713
1024,295.29053,291.93314
1025,311.10556,312.1213
1026,356.195,355.88226
1027,669.37823,670.975
1028,-361.25656,-363.84668
1029,-114.052536,-115.09147
1030,-205.65222,-205.85246
1031,-392.17227,-390.98495
1032,-581.78827,-582.0631
1033,0.8002421,2.0733783
1034,-524.22955,-526.4693
1035,-206.27676,-206.25145
1036,-845.15265,-846.0808
1037,-662.0004,-661.4744
1038,-111.30829,-114.188774
1039,0.88535184,-0.015028694
1040,-539.3243,-540.5375
1041,-239.11267,-237.74278
1042,456.37662,457.58835
1043,-108.08038,-109.22182
1044,-63.870403,-65.89734
1045,47.222137,47.142353
1046,313.39862,312.10062
1047,177.09467,178.41061
1048,-86.40907,-87.96135
1049,147.51717,147.934
1050,509.1149,510.29364
1051,136.85193,136.5356
1052,517.14886,519.11475
1053,-386.093,-386.08255
1054,246.19647,247.562
1055,-509.5326,-508.7014
1056,0.3542172,-0.23805745
1057,362.60513,363.2199
1058,-6.8281293,-7.318172
1059,101.61149,98.84436
1060,552.13556,553.9094
1061,400.69873,401.1221
1062,-63.284374,-63.604053
1063,-60.69264,-59.6576
1064,402.08694,402.39874
1065,-63.864872,-65.32669
1066,-307.20895,-307.2869
1067,-481.63614,-481.4754
1068,-83.267204,-86.22322
1069,367.26752,366.47018
1070,-111.17208,-111.04828
1071,284.56656,282.9024
1072,160.00092,162.81235
1073,246.25719,246.68716
1074,728.93353,729.9846
1075,-123.79666,-126.75789
1076,330.84933,328.05234
1077,-429.77823,-430.85986
1078,225.90564,225.00586
1079,36.933342,35.691383
1080,33.37579,32.14985
1081,-317.03256,-321.1824
1082,-8.0186405,-6.787047
1083,-144.69453,-148.00362
1084,-170.42903,-169.73808
1085,-118.18008,-124.02377
1086,118.15269,117.61082
1087,7.4891086,9.600638
1088,-39.486134,-43.60712
1089,-52.209713,-51.95452
1090,384.0411,385.08572
1091,42.41192,43.804493
1092,-79.92573,-81.343185
1093,260.43805,261.84018
1094,-230.8369,-229.7057
1095,379.45447,380.50198
1096,96.58221,99.23281
1097,-78.88656,-76.73306
1098,557.3825,557.5761
1099,166.57498,167.87709
1100,455.32123,455.97473
1101,-313.0444,-313.02567
1102,182.9987,178.64851
1103,-500.3915,-503.07056
1104,-61.76945,-62.001648
1105,-85.2804,-84.84112
1106,218.3969,217.98811
1107,15.851785,14.864941
1108,-398.77264,-399.1897
1109,418.29385,418.90256
1110,-545.2189,-543.45795
1111,384.91605,387.43893
1112,-112.96194,-115.412094
1113,-167.82492,-165.65549
1114,199.70515,199.20692
1115,-184.23636,-182.34053
1116,30.424873,29.401964
1117,-771.38184,-774.4368
1118,328.61563,330.25275
1119,220.67975,218.0852
1120,208.99644,209.75092
1121,-332.13596,-328.76645
1122,-410.20535,-411.53745
1123,-91.974884,-90.42326
1124,-188.66959,-184.55646
1125,246.41675,245.59706
1126,-15.570811,-12.046505
1127,159.96567,162.20335
1128,-341.76328,-342.2918
1129,-142.27676,-145.51596
1130,-306.46005,-306.84445
1131,183.31699,184.88518
1132,-124.97906,-124.85941
1133,-272.76346,-273.7033
1134,-88.819786,-87.96118
1135,219.93942,220.56497
1136,-227.20894,-229.06602
1137,167.34268,168.89091
1138,112.83398,113.556564
1139,-379.3411,-377.90292
1140,173.4737,173.72182
1141,718.7327,717.7123
1142,-431.0246,-430.2013
1143,138.1272,140.26173
1144,-660.6371,-666.8378
1145,43.47422,43.34848
1146,121.45109,118.98296
1147,-153.16335,-152.8755
1148,-170.09634,-168.87645
1149,-509.3132,-511.61722
1150,194.99643,196.03056
1151,-707.1679,-708.9845
1152,-84.04269,-85.056816
1153,-474.01212,-476.20206
1154,-117.06214,-116.74617
1155,153.13466,154.3365
1156,-212.03073,-211.7238
1157,-210.6903,-210.9011
1158,-2.3346922,4.2354646
1159,-417.853,-419.9756
1160,-184.86171,-188.45914
1161,-215.4813,-214.95746
1162,230.13365,230.5596
1163,-6.2009773,-7.093121
1164,85.69009,86.36328
1165,277.19186,277.33832
1166,636.01544,635.7905
1167,-186.117,-185.02718
1168,445.14508,448.73914
1169,-572.9887,-574.2745
1170,-238.99695,-242.44545
1171,452.45193,452.57812
1172,-577.88214,-575.1083
1173,278.32788,276.75058
1174,457.32217,457.76645
1175,-213.36983,-212.89742
1176,-160.6033,-159.37422
1177,248.48547,249.24419
1178,-180.9784,-178.87785
1179,448.75488,450.24124
1180,-21.77105,-21.859818
1181,237.70773,239.19054
1182,659.6525,658.53986
1183,119.088524,116.08315
1184,618.3555,618.7437
1185,315.13303,316.88568
1186,323.97415,324.44864
1187,-27.51865,-25.957594
1188,529.71515,530.5711
1189,-177.66504,-178.40636
1190,373.44656,373.2044
1191,624.39496,623.6387
1192,10.79607,13.558428
1193,-357.01315,-353.5222
1194,85.73928,85.76923
1195,-275.12134,-275.13458
1196,202.9606,204.21394
1197,-321.81924,-319.9339
1198,-172.22931,-169.16536
1199,40.850914,38.763638
1200,-144.21823,-143.86351
1201,-5.9033446,-8.524396
1202,17.272377,16.946642
1203,-143.31482,-142.54129
1204,-259.96542,-259.5521
1205,-522.5825,-521.554
1206,104.02297,103.59182
1207,780.9106,780.1152
1208,-479.9037,-480.3271
1209,660.64557,661.59515
1210,313.95895,314.63666
1211,-124.37328,-122.19256
1212,-197.60435,-197.94423
1213,-10.600221,-8.14481
1214,-409.96927,-407.4305
1215,-362.2347,-362.92126
1216,189.13687,193.79024
1217,124.58337,124.500206
1218,23.5617,21.06651
1219,-6.407729,-4.177815
1220,160.72487,161.69841
1221,6.5758185,8.341691
1222,-387.4268,-386.69962
1223,-235.09174,-235.81895
1224,-376.2805,-375.90607
1225,-263.8663,-264.9191
1226,58.498314,59.146095
1227,-675.4059,-675.795
1228,-113.285576,-114.394806
1229,154.04608,152.29276
1230,532.861,534.86646
1231,235.24817,235.42958
1232,-424.7999,-429.13757
1233,-52.93401,-54.756504
1234,106.65571,105.99135
1235,135.24774,133.27339
1236,-271.84457,-277.15112
1237,-119.143906,-121.65647
1238,-107.47535,-105.4535
1239,415.1179,415.80005
1240,-279.4435,-278.87036
1241,13.544917,12.775195
1242,287.17276,288.9552
1243,-239.74881,-242.82283
1244,347.08655,346.5961
1245,485.07593,485.2561
1246,-258.25552,-257.73834
1247,-304.26724,-304.73492
1248,-712.76483,-711.541
1249,415.1122,415.52618
1250,418.0822,417.1215
1251,141.97678,143.9559
1252,12.761583,13.370277
1253,-131.5108,-130.60953
1254,-222.11714,-223.48566
1255,209.62534,212.6365
1256,564.6686,565.0461
1257,182.41997,183.98215
1258,351.67892,352.52072
1259,75.92026,76.677605
1260,125.58758,129.91972
1261,-174.51779,-176.87157
1262,-196.31949,-197.83505
1263,-57.773006,-58.246803
1264,-252.11975,-254.12102
1265,255.15192,255.08144
1266,109.49601,109.49409
1267,267.58954,268.3787
1268,206.4455,208.01538
1269,51.22901,51.789272
1270,-146.85895,-148.71262
1271,97.96473,99.23994
1272,3.7259977,7.430752
1273,26.045399,23.976198
1274,-201.10703,-201.84613
1275,-189.77805,-196.70354
1276,-620.8168,-623.24054
1277,-109.11494,-107.928215
1278,-41.330853,-37.643227
1279,-454.1448,-454.13528
1280,-422.45828,-420.79562
1281,57.640545,58.82214
1282,25.239164,22.56991
1283,157.35144,160.73424
1284,864.2546,864.3873
1285,-470.70673,-471.41364
1286,-178.57156,-177.54576
1287,100.229225,97.74581
1288,221.63297,221.75385
1289,-459.8876,-459.90387
1290,-198.60843,-196.57433
1291,-233.42154,-230.1686
1292,-144.97308,-146.39508
1293,-135.49399,-136.88829
1294,415.74783,416.285
1295,137.99245,139.52693
1296,497.48935,500.15686
1297,195.75967,194.37396
1298,-644.5347,-645.57477
1299,-358.25607,-359.38992
1300,-177.75421,-180.69203
1301,144.42206,144.92992
1302,-586.61975,-587.9429
1303,133.0198,135.14606
1304,-178.96552,-180.1212
1305,145.59158,147.3939
1306,-331.31992,-334.01678
1307,-131.544,-131.69984
1308,-173.95648,-171.08554
1309,172.29495,172.67981
1310,-321.17102,-319.56067
1311,-371.43765,-371.9214
1312,493.93356,496.9829
1313,213.29489,212.4459
1314,25.944012,26.294243
1315,303.7007,304.6122
1316,346.42053,347.79758
1317,-483.8414,-481.89917
1318,-438.67722,-436.88715
1319,-311.88757,-311.8867
1320,274.2775,274.31042
1321,-2.957657,-2.1390798
1322,167.32993,167.217
1323,502.75092,503.0303
1324,134.76334,135.56987
1325,3.393205,5.9502096
1326,-80.252785,-81.534294
1327,359.56198,357.6015
1328,-26.541574,-27.181305
1329,302.43884,303.47504
1330,-110.76437,-110.54109
1331,86.29442,86.61467
1332,496.54233,496.05444
1333,-452.18256,-455.47125
1334,198.04347,197.05658
1335,-446.66458,-445.61508
1336,205.69019,204.08748
1337,-149.53313,-148.94182
1338,-115.16282,-116.95796
1339,-89.36138,-90.6551
1340,268.72763,271.1951
1341,-205.66748,-205.76744
1342,288.99423,288.0211
1343,-202.80887,-202.16208
1344,-63.840385,-64.24681
1345,-10.341577,-7.0614
1346,-387.3642,-388.34613
1347,139.87445,141.82585
1348,456.19754,457.42636
1349,-34.380383,-35.49503
1350,-153.06995,-151.00758
1351,149.07101,150.48302
1352,553.425,555.8598
1353,522.676,523.38666
1354,232.61276,232.18643
1355,-259.07184,-258.79236
1356,-247.50516,-247.04646
1357,161.1954,162.02338
1358,-73.93567,-72.58702
1359,226.79095,227.83354
1360,-294.67905,-293.79715
1361,46.079113,41.92576
1362,-408.06708,-410.34164
1363,359.10568,358.01645
1364,77.09881,77.54781
1365,-246.38176,-245.5437
1366,391.8898,392.23242
1367,-160.66254,-158.1352
1368,127.726524,129.95847
1369,-621.15063,-624.14215
1370,-201.73495,-200.62515
1371,-195.41666,-195.51163
1372,311.5972,309.10516
1373,258.25565,259.2615
1374,-149.96231,-152.51022
1375,-628.13226,-626.906
1376,244.8065,244.54498
1377,244.96104,249.81558
1378,89.00289,90.54793
1379,78.466194,77.43904
1380,167.32727,166.13567
1381,69.03501,71.23977
1382,-53.064808,-55.513958
1383,-468.07065,-470.43127
1384,94.50167,96.47365
1385,-22.249882,-19.14925
1386,-521.3377,-518.19385
1387,-149.91922,-153.41617
1388,572.70514,573.6618
1389,7.8644404,6.252581
1390,-140.1061,-141.93103
1391,490.18555,490.7062
1392,-32.56406,-30.976015
1393,-330.85452,-329.54178
1394,381.33664,379.9542
1395,-33.936043,-38.263668
1396,-281.99216,-283.33234
1397,-508.44553,-507.849
1398,-349.23865,-348.78156
1399,-177.42267,-178.79948
1400,94.06051,95.892815
1401,446.21674,445.22723
1402,-245.97287,-245.72571
1403,-172.04788,-172.67479
1404,-339.89908,-341.68634
1405,410.6613,411.2406
1406,432.31003,432.51303
1407,-42.912663,-45.568066
1408,-585.0832,-588.6067
1409,-18.117311,-16.840338
1410,-37.36102,-37.29619
1411,-66.99079,-66.98239
1412,320.48434,320.2268
1413,233.84601,233.06947
1414,-343.92523,-347.2325
1415,-222.35794,-221.41927
1416,306.55334,306.53418
1417,150.90997,151.85956
1418,49.209858,47.22722
1419,-96.32946,-94.22681
1420,80.19604,80.979706
1421,150.64001,150.73306
1422,377.4078,377.51657
1423,-102.22692,-100.505424
1424,136.58337,137.89128
1425,-553.58826,-553.6102
1426,2.3041484,4.842495
1427,-576.8425,-573.532
1428,-303.2313,-302.81564
1429,149.52588,149.81575
1430,350.17422,352.12445
1431,-45.612164,-49.949047
1432,88.0223,89.62209
1433,-608.5821,-607.85455
1434,477.99698,479.0476
1435,-226.07846,-220.93097
1436,236.56804,236.99419
1437,106.08169,106.51291
1438,-145.45055,-145.16592
1439,-498.4634,-497.60226
1440,376.5961,374.45587
1441,-50.285034,-51.68987
1442,-117.16595,-120.273155
1443,-275.85794,-274.33826
1444,77.08768,76.836205
1445,-525.9902,-525.54364
1446,670.5688,670.166
1447,236.96082,237.64822
1448,-90.8295,-94.07889
1449,-389.95493,-386.16113
1450,17.798628,20.4001
1451,287.10342,288.91956
1452,4.5249214,5.257108
1453,-547.96356,-548.66003
1454,251.52838,250.14505
1455,-121.061646,-127.94828
1456,-14.286976,-10.008287
1457,-156.62167,-157.47765
1458,-220.55643,-219.24693
1459,32.187183,34.09735
1460,-173.01541,-171.89085
1461,-82.06504,-84.36598
1462,89.30761,88.81273
1463,687.6132,687.91595
1464,149.66183,151.76012
1465,-146.94308,-147.14377
1466,-282.32858,-283.2545
1467,396.69174,397.70734
1468,319.51163,321.02914
1469,650.59174,650.66425
1470,-318.32828,-317.89615
1471,188.0419,189.25928
1472,-166.60281,-167.1052
1473,22.272167,26.494621
1474,-180.51215,-178.9727
1475,-247.90822,-245.09476
1476,58.93472,57.17627
1477,-181.44171,-178.79788
1478,41.044853,38.349274
1479,62.609974,61.694298
1480,59.01221,56.922283
1481,139.73184,136.62598
1482,493.14374,493.8627
1483,-60.821537,-63.941452
1484,318.34152,319.00098
1485,-7.626783,-8.389075
1486,9.290648,9.478925
1487,538.80365,540.8339
1488,70.05588,74.424484
1489,312.19464,314.6905
1490,-89.66656,-89.32894
1491,-132.35822,-130.61101
1492,-376.06717,-374.9303
1493,-57.851913,-57.24319
1494,711.04156,712.4971
1495,-224.70618,-228.88977
1496,44.490757,42.9882
1497,85.15687,86.674416
1498,-172.91235,-175.68254
1499,-231.29178,-231.03122
1500,32.833035,36.57284
1501,558.26196,557.8747
1502,-825.4891,-823.5154
1503,249.48924,247.2485
1504,355.74252,354.39584
1505,516.60864,516.9816
1506,-330.76886,-330.99838
1507,-81.7709,-83.6795
1508,134.46689,134.65569
1509,-278.86697,-278.9475
1510,706.76764,707.3195
1511,183.28035,185.6794
1512,220.23532,221.98717
1513,-163.94348,-164.88246
1514,112.3675,108.845474
1515,-225.58087,-224.31328
1516,86.479195,84.65408
1517,462.31818,463.7453
1518,-66.96754,-66.0982
1519,120.42209,121.77478
1520,31.811369,31.764841
1521,-170.30612,-168.13367
1522,-448.86566,-448.2378
1523,-114.57643,-113.08982
1524,42.40684,42.61517
1525,-271.88028,-271.63153
1526,63.16119,64.35959
1527,-101.07606,-101.01637
1528,-332.13358,-331.2518
1529,153.75368,152.77997
1530,35.60108,33.371803
1531,363.77164,363.81442
1532,67.83859,68.68387
1533,-232.75703,-232.54527
1534,105.42136,106.59645
1535,-65.8039,-63.802185
1536,-450.8537,-453.60483
1537,-42.924637,-41.017662
1538,197.68765,195.37564
1539,212.06702,210.3896
1540,-65.256096,-64.54961
1541,330.51065,329.2235
1542,-253.22269,-255.78505
1543,408.355,408.08362
1544,431.2756,431.23532
1545,-150.28355,-150.92165
1546,-333.34628,-330.32025
1547,510.89044,511.15305
1548,-22.413504,-20.342072
1549,293.1304,291.81195
1550,183.6633,185.26186
1551,-331.10934,-331.4111
1552,-296.85263,-298.86215
1553,28.517504,27.94955
1554,367.06073,369.567
1555,50.068214,53.966347
1556,-38.67288,-39.444687
1557,11.575109,15.476435
1558,-228.16434,-228.2983
1559,688.2602,690.67303
1560,274.51312,274.06503
1561,327.00058,326.94345
1562,242.40074,241.41734
1563,293.79,293.79297
1564,-48.213127,-46.30617
1565,506.61536,507.43405
1566,-415.4908,-418.87183
1567,-379.41916,-383.32443
1568,-136.61774,-135.0826
1569,-250.40436,-254.08131
1570,17.005314,15.455786
1571,-300.31955,-301.09402
1572,-97.849464,-94.58045
1573,131.37854,130.94768
1574,446.11478,446.9122
1575,156.54417,158.70224
1576,223.46402,224.95438
1577,-45.68568,-46.485962
1578,-230.56725,-230.24765
1579,218.89642,219.91975
1580,138.62828,135.84215
1581,71.780716,70.340324
1582,168.40884,167.42743
1583,-218.53186,-221.70882
1584,-557.61676,-558.41754
1585,389.99655,389.66284
1586,197.5362,197.11238
1587,-342.23227,-342.65903
1588,354.597,352.6498
1589,22.790285,22.11678
1590,420.72354,423.58344
1591,319.53195,320.063
1592,-136.49258,-136.8341
1593,364.40628,363.98642
1594,83.934525,86.42385
1595,21.588799,20.90939
1596,-305.79355,-302.75867
1597,-167.25381,-165.92729
1598,-29.400017,-28.405788
1599,149.4139,151.07487
1600,-259.41525,-261.32916
1601,417.005,418.21384
1602,115.13041,113.31065
1603,-756.1224,-758.3027
1604,505.21664,505.12643
1605,161.03317,159.6722
1606,274.91135,274.07788
1607,361.64,362.71423
1608,402.57413,403.29037
1609,262.02927,263.387
1610,583.7358,582.2891
1611,-169.76823,-166.94574
1612,-25.335682,-26.018959
1613,11.37985,11.38654
1614,-162.32205,-160.0366
1615,-156.97322,-155.90591
1616,49.22478,49.497414
1617,-22.101109,-24.820412
1618,112.92681,112.92882
1619,37.369076,37.10683
1620,231.2489,231.03319
1621,339.05298,338.70236
1622,48.24094,48.652058
1623,178.0035,176.00993
1624,-450.03128,-449.9019
1625,180.5015,180.9536
1626,-196.30162,-196.23299
1627,534.4676,535.6315
1628,52.210316,56.679123
1629,-328.62228,-329.24783
1630,-375.8827,-375.67133
1631,106.75025,108.92985
1632,-418.31647,-417.53772
1633,-210.01321,-212.1775
1634,-348.5022,-346.6815
1635,205.07031,200.31247
1636,-68.17509,-68.3015
1637,-328.27353,-325.12918
1638,-238.26135,-238.87108
1639,-190.42786,-191.8004
1640,3.8101516,3.5895693
1641,-282.80594,-283.08493
1642,143.65619,144.18152
1643,-5.7883134,-7.5951033
1644,-444.94077,-445.40216
1645,-116.04951,-116.13838
1646,-138.62225,-139.90543
1647,-352.9964,-353.20438
1648,-62.343136,-64.35313
1649,413.9171,414.67224
1650,-5.030028,-3.4266837
1651,-250.00923,-249.37843
1652,8.226466,10.65118
1653,19.000751,18.060802
1654,377.66592,377.9541
1655,149.46793,151.38127
1656,392.4637,392.6042
1657,416.02255,416.70877
1658,422.95175,422.07437
1659,124.35745,123.541504
1660,-98.871475,-98.55702
1661,-127.89009,-127.510124
1662,178.66638,177.46902
1663,440.38065,440.24277
1664,386.53433,388.14557
1665,55.79108,61.03
1666,384.76614,387.24414
1667,-365.5801,-365.48407
1668,31.121384,31.407427
1669,84.375656,84.70417
1670,42.022766,43.699295
1671,617.9772,617.50665
1672,-156.14685,-159.69696
1673,622.68854,621.9748
1674,232.34608,231.92627
1675,-194.36407,-195.2786
1676,-35.63368,-35.60691
1677,321.94278,323.51837
1678,-176.14938,-177.77208
1679,-86.40307,-86.09889
1680,-283.0473,-283.95517
1681,290.04092,290.3959
1682,189.63394,189.07967
1683,355.39648,355.8049
1684,104.55184,107.49732
1685,434.27438,433.36798
1686,-106.99362,-100.66186
1687,273.8026,276.9292
1688,-370.36777,-370.41064
1689,719.0624,718.97705
1690,-102.2972,-102.71405
1691,519.95135,519.5857
1692,497.16632,498.95615
1693,-15.496161,-14.025935
1694,275.4426,276.6971
1695,-681.2548,-682.29803
1696,44.07741,44.007202
1697,477.037,476.61334
1698,116.00524,117.72097
1699,108.91807,110.371216
1700,-472.79605,-476.81042
1701,692.8389,693.16345
1702,22.794851,22.755081
1703,-293.1085,-294.40387
1704,-358.3268,-358.72208
1705,165.38678,165.21832
1706,-670.7176,-670.05273
1707,451.96756,452.5423
1708,139.80493,137.96346
1709,65.07032,65.97277
1710,-336.403,-335.37344
1711,57.462475,56.848587
1712,-29.375275,-29.20978
1713,187.60168,188.5793
1714,459.48337,461.80713
1715,323.13754,323.6587
1716,-56.8782,-56.939884
1717,205.0661,206.94432
1718,301.36652,302.33484
1719,-136.203,-133.07207
1720,-234.52057,-234.25108
1721,356.2776,355.10568
1722,-83.561584,-83.58674
1723,619.92255,620.78204
1724,192.01852,192.49814
1725,-87.34728,-90.90659
1726,286.40576,288.8393
1727,297.29007,297.19272
1728,-409.93832,-410.482
1729,291.40054,291.8841
1730,366.9268,365.106
1731,69.65522,68.461555
1732,474.66104,474.10623
1733,-22.896206,-21.055931
1734,266.51938,266.15417
1735,-154.89871,-156.58484
1736,88.22088,88.90692
1737,-358.12155,-355.90036
1738,376.8465,374.57996
1739,404.48657,404.01062
1740,305.86652,305.61844
1741,16.275595,13.814735
1742,4.7303004,4.610978
1743,-37.05674,-37.061306
1744,-62.33118,-60.731915
1745,431.76596,433.4329
1746,-243.76149,-242.84586
1747,-67.38332,-68.00011
1748,-34.08738,-36.166645
1749,-17.204556,-18.898067
1750,-78.62496,-71.63199
1751,486.852,486.7615
1752,-53.047993,-57.64476
1753,-106.366615,-107.02346
1754,-527.4541,-527.28735
1755,-325.17474,-325.2689
1756,148.84363,151.779
1757,-39.21681,-38.41545
1758,31.925076,34.060738
1759,53.18659,52.179825
1760,-142.79828,-137.82849
1761,-141.24884,-138.42047
1762,-99.963326,-102.613525
1763,173.13727,171.17719
1764,-306.53488,-311.0123
1765,68.78137,69.65346
1766,-268.2719,-268.92737
1767,-110.819984,-108.7316
1768,-514.5292,-516.01733
1769,147.81052,147.01915
1770,-266.5173,-266.69925
1771,-293.14923,-293.5738
1772,-17.493843,-17.882853
1773,226.29819,225.24731
1774,358.3984,362.61526
1775,-161.89468,-163.57379
1776,-15.7636175,-16.532167
1777,-310.3558,-309.86353
1778,87.208725,87.25148
1779,-110.45267,-111.96265
1780,183.23242,183.26578
1781,-412.7333,-412.7921
1782,161.76382,163.37415
1783,299.76135,299.87323
1784,-63.477505,-63.193005
1785,492.51205,492.93634
1786,-414.7547,-416.2104
1787,-252.23285,-251.46127
1788,-292.90515,-290.0478
1789,-200.04817,-200.68938
1790,-45.548866,-42.230717
1791,102.65718,102.55552
1792,29.867546,31.348907
1793,-279.4412,-276.87027
1794,-585.97015,-586.77856
1795,38.18778,38.679443
1796,344.2258,342.75497
1797,-123.68911,-123.48987
1798,25.841858,26.898806
1799,734.14014,735.7822
1800,-173.47287,-174.88899
1801,454.76758,458.4957
1802,429.3827,428.9299
1803,372.04028,371.25308
1804,29.649868,28.942436
1805,148.15543,147.69026
1806,268.0615,268.33154
1807,51.825394,52.303753
1808,27.205856,27.322727
1809,580.5415,582.03766
1810,26.756197,26.339973
1811,-101.51418,-102.13269
1812,436.0255,437.9879
1813,-77.21137,-77.20945
1814,126.43455,124.704926
1815,-194.85342,-193.80463
1816,-67.75859,-68.91496
1817,-293.70633,-296.17923
1818,-309.69626,-312.49603
1819,345.90662,346.2058
1820,259.19177,258.74902
1821,264.56555,267.01602
1822,255.34082,254.27977
1823,-177.47137,-178.36366
1824,22.784231,21.67625
1825,-56.41657,-60.672085
1826,31.760471,30.120314
1827,27.180744,25.68877
1828,253.37042,253.8846
1829,-0.9255877,-0.64823735
1830,228.3374,227.52562
1831,73.04252,72.133446
1832,-338.28488,-337.8583
1833,43.588154,45.92124
1834,163.79594,163.54427
1835,583.9755,585.70984
1836,-264.36334,-264.3066
1837,221.05273,222.09914
1838,708.061,707.51056
1839,-108.55578,-109.87876
1840,358.72684,359.14957
1841,337.41714,337.68265
1842,32.955685,32.35118
1843,403.16776,403.29706
1844,-169.03438,-170.09337
1845,-231.30061,-229.16061
1846,-831.06995,-833.4188
1847,100.66821,100.88523
1848,-327.9025,-330.63766
1849,-119.06653,-120.45464
1850,205.79285,204.72952
1851,386.0209,384.015
1852,56.96024,56.559917
1853,95.28018,98.332695
1854,-285.72427,-289.07437
1855,-314.53177,-315.17603
1856,261.32846,262.69946
1857,-298.1763,-298.4011
1858,-113.038345,-112.43645
1859,335.72134,337.42178
1860,310.7763,310.0864
1861,-52.155064,-53.310158
1862,-492.30112,-493.77856
1863,247.814,246.9699
1864,294.779,294.5809
1865,-448.75955,-448.21518
1866,-228.15909,-227.6849
1867,-113.919365,-115.39487
1868,-188.20844,-187.89229
1869,-327.41473,-329.58942
1870,-156.36826,-155.46973
1871,-98.7385,-98.86808
1872,126.45527,129.82951
1873,183.49203,183.85762
1874,40.70603,39.96192
1875,273.2728,270.6411
1876,-27.567764,-28.478285
1877,-384.64673,-385.1643
1878,299.1611,297.665
1879,-268.38495,-271.41666
1880,-201.11034,-199.02264
1881,115.00196,109.925415
1882,-152.65979,-152.51144
1883,-103.209404,-101.48088
1884,-84.37032,-82.46971
1885,166.19876,166.19284
1886,100.56636,101.79503
1887,-536.0174,-536.48804
1888,207.22078,206.56277
1889,-248.77304,-247.71603
1890,-32.575447,-33.87735
1891,-3.5698721,-5.1537457
1892,91.741264,90.74327
1893,-413.76526,-412.82584
1894,-315.593,-316.4535
1895,333.1378,333.39978
1896,19.515226,17.218798
1897,-243.39096,-245.11519
1898,276.70746,274.85968
1899,-373.42734,-372.54758
1900,294.03592,294.52255
1901,260.18826,257.30527
1902,-19.537045,-20.729996
1903,278.838,280.43616
1904,178.61871,177.18634
1905,64.75063,63.37763
1906,208.02313,208.48813
1907,217.30513,217.42404
1908,67.31098,64.33746
1909,-151.57874,-153.0756
1910,-118.957664,-121.33152
1911,194.72672,194.25296
1912,48.82957,53.775234
1913,383.54178,382.3578
1914,206.67133,206.92717
1915,198.98245,200.84447
1916,-349.69583,-350.40088
1917,-173.09163,-175.13135
1918,-584.4239,-587.2527
1919,-38.958004,-37.060364
1920,442.95816,443.481
1921,728.47955,729.0201
1922,17.126652,16.016878
1923,-153.05797,-151.68358
1924,360.12314,359.89206
1925,-282.03848,-282.8299
1926,-4.174539,-3.9269798
1927,54.194607,51.619606
1928,345.16122,346.07397
1929,-98.11357,-97.725426
1930,182.71472,184.00296
1931,-25.061779,-28.597975
1932,-68.958305,-67.91165
1933,-246.18439,-247.82321
1934,44.047256,44.43002
1935,105.12007,105.09654
1936,2.5607388,4.6930113
1937,-45.30837,-43.02472
1938,206.12195,205.97499
1939,240.86746,242.22998
1940,276.44354,277.4842
1941,-172.57166,-173.82906
1942,83.92892,84.42148
1943,-237.84413,-238.69878
1944,536.0515,536.4724
1945,-371.24814,-372.5901
1946,-215.0451,-214.25441
1947,-621.9532,-626.8187
1948,200.29416,198.77614
1949,77.618,77.564705
1950,-561.1494,-558.6055
1951,94.84058,93.59389
1952,-68.402245,-70.14703
1953,324.4941,325.01303
1954,-516.3187,-514.6266
1955,-70.052574,-70.110695
1956,104.65291,104.72487
1957,-80.48615,-80.95737
1958,-119.446365,-119.48083
1959,235.04068,236.11787
1960,-121.083626,-121.29685
1961,-110.47081,-111.12492
1962,-61.62163,-64.21709
1963,410.743,409.9389
1964,-332.6118,-333.08542
1965,142.56696,142.46646
1966,609.5257,609.79663
1967,-135.72357,-135.4753
1968,142.84296,145.55582
1969,-135.6836,-138.11462
1970,-431.29483,-429.62607
1971,-327.89276,-328.19516
1972,488.33914,489.8305
1973,153.0614,154.79578
1974,-36.370213,-34.373787
1975,465.25757,465.80722
1976,79.272224,79.73387
1977,-451.66843,-449.83154
1978,510.11606,509.0653
1979,-342.99164,-343.26178
1980,-20.46447,-20.01363
1981,-250.30125,-250.4537
1982,-282.4832,-283.3411
1983,692.0678,691.52264
1984,-421.41745,-420.9781
1985,330.36765,330.5439
1986,-295.89752,-297.0032
1987,-419.35556,-421.61047
1988,-213.22209,-212.73448
1989,-283.8245,-283.89813
1990,310.64133,309.90536
1991,478.355,479.09946
1992,248.4674,249.82426
1993,273.17664,272.84467
1994,-228.32053,-232.448
1995,353.76205,354.3213
1996,337.81177,338.4619
1997,279.1638,279.41202
1998,-83.11374,-82.60825
1999,21.506662,20.249674
2000,246.69507,246.51761
2001,-329.94092,-330.88687
2002,232.4657,232.15807
2003,426.17258,426.32336
2004,391.66727,393.27115
2005,-66.36868,-65.99818
2006,-191.01334,-193.13383
2007,-150.51549,-150.64793
2008,63.17891,63.30064
2009,12.329558,14.973371
2010,48.671814,48.899563
2011,99.24822,99.919426
2012,116.56283,117.10088
2013,106.98539,107.12443
2014,-137.74287,-140.94154
2015,-286.49936,-285.17807
2016,-377.44934,-376.66595
2017,-57.40231,-54.412254
2018,-101.864876,-103.00516
2019,293.61295,294.37543
2020,225.74518,225.75781
2021,-26.987463,-30.180069
2022,208.05667,206.29279
2023,165.43102,167.20862
2024,381.91833,380.77277
2025,-553.59,-553.0133
2026,36.61751,38.32969
2027,113.675545,116.528885
2028,613.3136,611.9261
2029,-148.56113,-151.56432
2030,225.33633,223.55653
2031,280.15512,279.90814
2032,-448.28946,-447.19656
2033,-182.23213,-183.60384
2034,80.94123,82.70251
2035,-116.50322,-117.19798
2036,22.838362,19.031815
2037,294.08054,293.4361
2038,-106.796135,-104.83792
2039,274.4916,274.77432
2040,-660.0409,-659.02576
2041,137.13855,137.68901
2042,-4.22095,-2.1479046
2043,224.02435,223.66965
2044,-229.30223,-229.44038
2045,-382.73196,-382.18927
2046,50.61291,51.202133
2047,-136.50961,-134.01843
2048,560.0583,561.28107
2049,-84.450165,-83.53404
2050,703.3559,704.1052
2051,-160.41592,-160.15576
2052,-180.83379,-177.58452
2053,-59.614643,-58.49099
2054,1.545508,1.0735095
2055,-60.12115,-52.04648
2056,28.624918,29.371525
2057,182.86203,183.63683
2058,-159.56346,-157.12558
2059,198.37012,200.74028
2060,-77.75555,-78.4483
2061,168.60156,166.0089
2062,363.8741,363.0115
2063,282.1095,281.0565
2064,6.0111623,4.321259
2065,441.09225,440.739
2066,21.453743,19.427872
2067,-331.3929,-328.71854
2068,65.96399,67.94508
2069,525.13336,524.25287
2070,-223.27664,-221.93182
2071,-331.97098,-330.46677
2072,44.40375,43.80046
2073,-394.95346,-394.61417
2074,-100.43066,-102.1614
2075,-464.65115,-465.75095
2076,-117.97529,-117.08218
2077,499.46683,499.67874
2078,129.97255,131.14539
2079,148.50916,148.7168
2080,-56.278896,-56.02813
2081,180.92426,184.04086
2082,317.36374,318.02414
2083,170.72818,169.87506
2084,-189.0924,-190.2714
2085,-575.6641,-574.4704
2086,-406.3505,-406.85284
2087,-205.7128,-206.54103
2088,-218.2684,-215.4849
2089,309.92886,314.2096
2090,-189.93497,-188.39388
2091,158.16801,155.37126
2092,446.2538,445.96347
2093,337.06436,338.67447
2094,545.9792,545.6859
2095,-536.5136,-534.54816
2096,-364.84128,-366.68503
2097,-105.11449,-104.64011
2098,72.21039,73.35874
2099,198.74237,198.5619
2100,-298.52768,-297.88754
2101,461.12088,462.65765
2102,-113.535835,-113.76427
2103,109.24674,109.913704
2104,139.34784,139.0318
2105,383.83908,384.18384
2106,357.173,358.53516
2107,-229.61456,-227.95192
2108,-363.6232,-361.38013
2109,104.22605,105.069626
2110,907.25134,907.2413
2111,68.38883,69.52624
2112,-603.7391,-604.0572
2113,-153.34918,-152.30385
2114,-161.9603,-163.54332
2115,-756.7779,-758.7865
2116,74.53221,74.630775
2117,-234.6456,-235.12747
2118,247.60239,249.41733
2119,-303.06,-301.18542
2120,-226.80045,-226.06233
2121,76.99378,72.807236
2122,321.75357,322.21295
2123,360.68832,361.33643
2124,400.54538,399.59485
2125,138.9867,138.7565
2126,-69.19607,-69.161354
2127,43.326794,45.258442
2128,78.081856,77.29767
2129,-452.14975,-452.81857
2130,328.923,328.31915
2131,-533.1921,-531.287
2132,-410.57352,-410.3991
2133,-228.44415,-226.80283
2134,62.438675,66.53663
2135,-429.77536,-431.1941
2136,-305.14194,-309.23013
2137,-197.50682,-200.66345
2138,-53.053955,-53.874844
2139,-72.29383,-69.51124
2140,499.31598,500.04364
2141,415.61725,413.8999
2142,-123.74935,-122.82867
2143,385.97153,385.79337
2144,114.26896,115.57011
2145,733.6286,735.092
2146,-114.451744,-112.40757
2147,-230.10364,-230.56438
2148,-128.46512,-129.72708
2149,-598.612,-599.9636
2150,-587.0381,-588.24207
2151,236.71628,239.60437
2152,74.435,77.47906
2153,246.73264,247.05203
2154,31.78482,32.12192
2155,356.6696,355.03168
2156,-85.42513,-83.75976
2157,-102.27871,-104.113556
2158,178.37091,180.57434
2159,331.9527,331.9043
2160,237.08453,238.98933
2161,-327.57217,-327.67264
2162,-384.90536,-384.55872
2163,184.06793,183.0714
2164,-215.72528,-215.60085
2165,-6.8734956,2.155835
2166,-63.45331,-63.385918
2167,139.06235,138.74632
2168,461.90833,462.43774
2169,-88.54957,-87.89715
2170,269.18732,266.4978
2171,175.48134,172.67674
2172,119.58229,124.828896
2173,45.912678,46.675434
2174,376.2319,375.6381
2175,59.63854,62.33155
2176,244.08136,241.70476
2177,-151.96376,-150.30698
2178,213.18684,215.7543
2179,-620.20544,-619.08765
2180,-253.69908,-252.96603
2181,105.27354,106.47618
2182,-453.09415,-456.83673
2183,200.35312,199.89136
2184,145.63393,146.6784
2185,99.3939,102.09791
2186,196.96031,196.97696
2187,62.420517,63.15546
2188,-520.7084,-520.72
2189,-259.36337,-257.59668
2190,-242.14519,-240.8561
2191,30.469534,28.311754
2192,366.49942,365.07028
2193,-257.2963,-255.45384
2194,397.15286,396.85565
2195,-808.285,-807.96484
2196,-76.967316,-78.819466
2197,451.27524,452.43088
2198,-128.20966,-131.35857
2199,-225.18927,-225.04774
2200,16.018036,11.836392
2201,-202.28078,-203.28156
2202,99.05048,99.934296
2203,-134.7083,-135.00359
2204,-710.941,-713.2323
2205,368.73703,368.86707
2206,-151.45044,-146.64809
2207,-187.20712,-185.02905
2208,-10.160202,-11.263205
2209,-426.47952,-425.9622
2210,99.810005,99.24637
2211,553.33453,555.5436
2212,-319.06967,-320.44724
2213,583.0644,584.86786
2214,226.97952,225.86163
2215,-321.4614,-320.33322
2216,3.4891093,4.7536597
2217,542.5656,542.26227
2218,374.0837,374.62268
2219,338.41525,339.41144
2220,-79.53307,-81.26614
2221,20.307556,18.67552
2222,-113.55163,-113.81733
2223,-276.01053,-275.90286
2224,-167.649,-168.34468
2225,477.31445,475.34344
2226,243.00278,242.17009
2227,250.80563,251.40569
2228,103.33768,103.11548
2229,120.37525,121.1781
2230,-380.98932,-381.54953
2231,373.30637,372.98114
2232,460.13455,461.32263
2233,751.51215,750.9503
2234,-458.43707,-458.09827
2235,-619.3549,-618.9917
2236,436.75052,439.2684
2237,512.0277,514.4054
2238,-213.71857,-212.2073
2239,109.631775,109.13687
2240,-410.4041,-410.52655
2241,-69.24062,-68.93677
2242,-312.35513,-311.77832
2243,460.42892,459.04297
2244,-121.36431,-120.85531
2245,77.476746,80.31247
2246,-342.60162,-343.6849
2247,43.270702,38.634712
2248,-127.24744,-127.78502
2249,231.94305,231.15991
2250,130.88997,129.19702
2251,338.80276,342.0106
2252,-396.99655,-396.32172
2253,-245.85947,-248.72316
2254,-243.48245,-244.80162
2255,-362.78372,-365.14578
2256,-141.22882,-140.71893
2257,3.5850236,4.644558
2258,296.5784,296.9503
2259,168.63284,166.68324
2260,-0.39169773,-1.3857498
2261,-150.36743,-152.81972
2262,-291.43594,-291.5882
2263,-876.20734,-876.17456
2264,482.22116,481.75952
2265,386.05118,385.08304
2266,-400.0409,-400.22913
2267,-203.40224,-204.96233
2268,-494.41202,-494.76157
2269,-226.45651,-227.15543
2270,372.21042,371.30518
2271,-35.825672,-38.054855
2272,638.5776,636.8442
2273,848.3352,850.34607
2274,-125.81707,-125.98636
2275,-305.97116,-307.57565
2276,585.4356,586.2575
2277,-52.682713,-54.261024
2278,21.708233,23.007118
2279,316.07748,314.4494
2280,106.4943,106.667046
2281,350.91348,351.37634
2282,533.0172,533.4969
2283,31.873074,31.847439
2284,-28.790314,-26.292274
2285,-501.46692,-502.98517
2286,-196.2572,-196.37177
2287,-329.67978,-329.209
2288,171.29413,171.95808
2289,-373.53268,-372.63934
2290,-113.15715,-115.395
2291,29.13239,28.993216
2292,147.86932,144.19911
2293,-254.35367,-253.76845
2294,42.440624,41.062275
2295,-58.247005,-58.471214
2296,121.33225,121.88405
2297,173.82272,172.92093
2298,478.78787,478.21817
2299,179.3898,179.43109
2300,142.08398,144.00284
2301,449.67386,452.89075
2302,-400.197,-397.96967
2303,-52.876957,-55.31371
2304,-462.50272,-459.81943
2305,25.344458,26.77948
2306,-426.6329,-427.37042
2307,-84.99736,-82.287605
2308,-168.63785,-169.29909
2309,-519.02673,-515.1976
2310,128.17563,126.45104
2311,173.15538,169.1869
2312,514.89594,514.83484
2313,754.1508,755.45154
2314,316.63162,316.38422
2315,-596.12616,-596.5678
2316,-494.85596,-495.50003
2317,131.2961,132.93948
2318,-127.7952,-126.4219
2319,-438.11282,-441.58765
2320,68.521675,70.65277
2321,-79.30177,-80.2128
2322,-238.46167,-239.5404
2323,-232.15588,-234.55
2324,-417.05948,-417.93973
2325,44.965427,47.504272
2326,66.50512,68.30505
2327,73.32241,72.279625
2328,-25.090006,-25.541016
2329,495.0085,496.71594
2330,408.3425,407.92722
2331,-20.126053,-20.712051
2332,13.7509365,13.870151
2333,-238.44255,-238.78603
2334,340.53354,341.44012
2335,232.6955,236.91068
2336,254.0015,255.42145
2337,87.29696,85.90719
2338,368.42847,368.56424
2339,-337.08157,-336.85406
2340,53.182446,56.02266
2341,-48.151543,-51.705944
2342,-8.416452,-8.450068
2343,45.321194,47.281853
2344,261.0436,261.33517
2345,-104.52966,-102.36221
2346,-19.487944,-20.952616
2347,-600.9831,-603.4199
2348,166.13486,167.27794
2349,77.99179,77.56942
2350,445.449,445.6798
2351,352.95126,354.4422
2352,301.33017,302.68704
2353,-195.09283,-194.45158
2354,-315.42786,-313.52362
2355,474.81918,475.40555
2356,-313.82022,-316.50955
2357,325.30557,331.3266
2358,346.2041,346.95273
2359,-584.66815,-583.9804
2360,-181.57626,-180.52328
2361,452.1267,452.64545
2362,183.4975,186.0045
2363,223.45728,224.32553
2364,-2.091965,-2.977239
2365,313.94324,314.3795
2366,251.8926,251.67639
2367,458.36478,458.49057
2368,-469.6199,-470.2066
2369,-193.05106,-191.89865
2370,293.76797,293.0179
2371,78.28438,77.77047
2372,80.587616,79.45735
2373,515.1788,514.06104
2374,257.157,256.58298
2375,-377.0971,-375.80215
2376,417.52695,417.34152
2377,39.513172,39.6604
2378,-183.93193,-181.0061
2379,-218.59537,-219.21251
2380,389.55267,392.43585
2381,98.58982,97.87566
2382,-482.3087,-483.5906
2383,-110.84537,-112.14167
2384,-232.1365,-231.82805
2385,7.2499194,7.1644306
2386,-128.27713,-126.558014
2387,-183.46375,-187.8699
2388,-177.01013,-178.61145
2389,126.211266,127.62146
2390,318.26144,319.03683
2391,-238.57498,-236.29117
2392,-92.92188,-94.5542
2393,83.91483,78.53066
2394,182.1673,182.38385
2395,-263.89282,-262.89178
2396,70.10331,77.975
2397,-140.82663,-141.85902
2398,448.96805,448.91837
2399,278.00912,278.44907
2400,578.22455,578.7559
2401,-493.3856,-496.90085
2402,62.755817,62.14411
2403,295.80792,296.69046
2404,518.94464,517.4349
2405,-314.4269,-315.53754
2406,-247.0383,-248.7653
2407,18.33112,20.976698
2408,640.1329,640.19037
2409,10.766044,8.335479
2410,143.08765,146.89053
2411,97.98555,95.29512
2412,287.51694,287.41437
2413,364.06015,365.49686
2414,143.9138,144.42528
2415,331.78967,330.3759
2416,501.05066,500.84476
2417,72.782616,70.197845
2418,-240.85437,-239.94489
2419,-263.80685,-267.80182
2420,158.2957,155.3117
2421,773.96326,773.9196
2422,311.8428,312.41666
2423,-324.97888,-323.91312
2424,154.58818,156.04672
2425,329.22958,329.54648
2426,-599.12256,-598.6999
2427,-296.0116,-295.906
2428,-101.25782,-101.22911
2429,113.322495,116.689705
2430,281.28714,280.61053
2431,-335.80728,-337.0933
2432,-24.787863,-24.333515
2433,-432.79892,-431.49103
2434,-456.2739,-455.48892
2435,-255.3263,-254.85289
2436,-236.58379,-237.37317
2437,-8.35089,-6.4631925
2438,-15.455688,-14.065957
2439,181.974,184.99089
2440,-50.59859,-51.053448
2441,-10.013809,-7.938946
2442,-732.6103,-735.5129
2443,-644.736,-644.2786
2444,-667.83563,-667.68756
2445,-16.454487,-17.3369
2446,-90.42051,-93.62521
2447,-518.82684,-519.3819
2448,-238.09999,-238.9822
2449,622.2579,621.9517
2450,266.0276,266.70663
2451,-248.61668,-248.27443
2452,-90.84571,-91.71293
2453,-30.940823,-30.530888
2454,-301.76407,-301.9323
2455,77.436485,78.324036
2456,168.61584,168.57852
2457,151.91476,150.68936
2458,-153.0936,-157.6093
2459,26.132349,26.494564
2460,286.73892,288.19528
2461,224.37341,224.15561
2462,-9.622983,-10.292821
2463,193.16241,192.0516
2464,-365.4918,-366.20984
2465,196.70718,195.22989
2466,-139.61765,-140.54715
2467,448.83414,449.5769
2468,265.83707,266.20798
2469,523.4689,523.9198
2470,171.32564,171.76796
2471,329.9595,331.95355
2472,79.740776,79.81554
2473,401.52835,402.9155
2474,-899.4179,-900.49445
2475,0.57050866,1.2836013
2476,495.67392,498.82358
2477,-113.261475,-114.81887
2478,-223.1496,-224.1891
2479,250.24146,249.35954
2480,249.97348,248.56699
2481,60.348354,59.939674
2482,-29.036678,-29.372137
2483,-612.7014,-613.4496
2484,-155.79971,-156.09439
2485,119.449135,121.09046
2486,435.4783,435.0574
2487,-615.3237,-616.6703
2488,4.95459,5.349339
2489,192.15256,192.79271
2490,-104.0689,-105.43821
2491,55.23821,58.249435
2492,-234.6466,-231.77524
2493,-94.78756,-94.77883
2494,-220.3897,-224.35904
2495,-272.30048,-273.34445
2496,-93.94506,-93.175674
2497,242.57758,240.83043
2498,-3.9048312,-2.4703605
2499,-514.4575,-515.1186
2500,105.35371,106.61436
2501,18.161411,17.390522
2502,440.17117,440.48575
2503,-69.25195,-71.06356
2504,203.18445,203.29443
2505,-15.780222,-12.292935
2506,-203.18645,-201.58073
2507,101.5223,97.90313
2508,182.45847,181.77734
2509,-332.37296,-332.29703
2510,-247.23251,-250.12166
2511,172.27689,172.1843
2512,-317.4532,-315.02188
2513,-134.10678,-133.97856
2514,557.61615,558.6715
2515,256.99484,257.41736
2516,265.2285,264.03452
2517,482.6424,483.00812
2518,-72.145546,-70.83961
2519,686.7763,687.4063
2520,421.30276,420.44464
2521,616.84625,617.72394
2522,-116.26958,-113.373116
2523,233.78027,232.57434
2524,-478.23184,-477.56577
2525,577.8193,578.5161
2526,-348.73703,-351.3716
2527,7.614864,9.149394
2528,-213.47672,-214.09009
2529,-88.701485,-87.84786
2530,-61.005054,-58.585453
2531,-152.63254,-147.65294
2532,242.32025,244.81004
2533,478.6116,478.609
2534,374.45425,373.70135
2535,-73.65347,-73.580086
2536,122.86335,122.43327
2537,778.4129,779.479
2538,75.43716,73.96839
2539,-175.44537,-177.82428
2540,-366.41306,-368.18704
2541,257.22827,259.71796
2542,-301.62888,-297.51428
2543,421.50406,421.41226
2544,641.11224,639.8949
2545,119.595505,118.48534
2546,34.5411,39.263615
2547,-26.627232,-29.96566
2548,287.5263,284.49655
2549,290.33542,287.92007
2550,-507.3892,-507.66724
2551,-275.6582,-277.6669
2552,115.62332,113.497284
2553,365.45853,365.6304
2554,362.4199,362.6507
2555,325.37204,324.9559
2556,-178.77753,-182.49963
2557,222.4255,221.93312
2558,-86.41547,-88.645485
2559,7.784777,6.299893
2560,216.80048,219.36649
2561,-397.4775,-396.34915
2562,523.2742,523.68317
2563,26.756779,28.013075
2564,280.62726,280.13242
2565,-49.629353,-47.84783
2566,94.600945,93.56186
2567,755.195,756.627
2568,-249.89233,-252.66476
2569,97.41536,96.6513
2570,523.4778,523.00244
2571,-319.53952,-326.52
2572,56.1779,53.010147
2573,440.05405,441.64642
2574,120.3686,118.623436
2575,415.8788,415.2297
2576,-16.994194,-15.809494
2577,-23.162685,-21.647062
2578,-17.62434,-20.590729
2579,-264.63693,-267.4383
2580,33.81678,30.64058
2581,-418.16177,-418.31696
2582,-254.4785,-255.07465
2583,57.192116,59.16016
2584,-200.3565,-198.85889
2585,-15.715676,-19.912619
2586,162.53821,164.16666
2587,-289.1356,-288.67548
2588,-351.49075,-347.78043
2589,-374.6572,-375.67935
2590,175.49802,174.5779
2591,-52.028515,-51.28017
2592,-527.4716,-530.39044
2593,184.41212,183.57455
2594,-103.38057,-101.94389
2595,-0.62261707,-0.27760273
2596,139.19519,138.17538
2597,63.953075,61.080612
2598,-323.3511,-320.0207
2599,-88.42154,-90.389694
2600,-168.44379,-166.9957
2601,-71.35232,-70.705795
2602,-380.61514,-380.914
2603,-54.88384,-51.30876
2604,445.62607,445.84433
2605,-45.39491,-46.464203
2606,-434.40555,-435.16806
2607,-246.1766,-247.70874
2608,-16.494474,-16.324745
2609,197.52592,198.26268
2610,53.38387,53.44558
2611,132.5893,134.16545
2612,53.381092,53.621033
2613,-426.30743,-426.07834
2614,61.376686,64.48252
2615,-295.85556,-297.58624
2616,341.2253,341.02808
2617,2.2850792,0.66245943
2618,44.39146,44.276413
2619,-236.05966,-234.44133
2620,-106.12174,-104.64232
2621,324.2374,322.40286
2622,413.17773,413.04095
2623,292.93567,291.92062
2624,-176.1286,-173.31102
2625,-445.92508,-443.69852
2626,150.3718,149.90889
2627,624.71136,626.30225
2628,-139.99295,-138.3258
2629,-119.45489,-117.1986
2630,211.5986,209.3578
2631,-360.90604,-360.78607
2632,-372.0445,-375.02722
2633,-24.099096,-23.14255
2634,-69.45791,-72.45066
2635,-255.36324,-254.87833
2636,256.3282,258.33362
2637,-160.13501,-158.53807
2638,47.733524,45.386173
2639,-455.723,-455.6797
2640,-139.36038,-141.95421
2641,-33.328865,-30.631037
2642,-291.71298,-292.36972
2643,46.27796,40.769337
2644,-37.678043,-39.446365
2645,177.0762,176.33911
2646,-40.903214,-42.243168
2647,119.10734,120.874435
2648,8.519893,10.190813
2649,-417.9631,-415.8818
2650,150.99106,149.2914
2651,608.5202,608.45685
2652,116.1583,114.843605
2653,36.49104,37.354664
2654,-29.3655,-28.19158
2655,-282.51962,-282.11334
2656,167.09647,166.37787
2657,-421.23746,-421.56348
2658,14.743132,12.080517
2659,-162.09848,-161.7044
2660,-55.697903,-57.469944
2661,-41.615005,-40.18232
2662,271.29758,271.72025
2663,-64.99203,-59.716
2664,-357.78152,-356.9219
2665,-144.94904,-141.9011
2666,-224.22089,-226.26703
2667,55.65329,53.77558
2668,678.7909,679.468
2669,12.342634,12.113285
2670,-220.91733,-219.91841
2671,-285.19922,-282.7192
2672,-2.748914,1.0451721
2673,279.8252,279.11322
2674,144.20505,143.5795
2675,-134.48041,-134.50577
2676,49.865322,49.852932
2677,-275.0355,-273.5545
2678,6.986444,6.8549085
2679,-48.62353,-44.922234
2680,38.326557,35.478085
2681,-460.28833,-461.38428
2682,215.272,216.60303
2683,-315.5092,-318.1094
2684,78.986176,81.23338
2685,137.70612,138.94923
2686,-334.58615,-337.90073
2687,-131.60147,-131.59958
2688,168.30536,167.46414
2689,39.357956,41.230415
2690,483.4697,483.89334
2691,14.045063,14.130043
2692,-351.79312,-351.00876
2693,184.39307,184.95839
2694,56.078182,54.88343
2695,-108.06397,-108.215805
2696,569.85254,570.14905
2697,130.18451,129.08775
2698,243.11273,242.68184
2699,-549.10913,-549.2313
2700,58.629948,58.766396
2701,-127.22674,-127.551765
2702,-339.4985,-340.8322
2703,467.5685,467.9594
2704,750.5784,751.65295
2705,79.89711,82.12109
2706,-9.701476,-8.765219
2707,-466.52243,-466.12726
2708,-382.0635,-383.15915
2709,-195.09201,-204.19124
2710,-384.9045,-382.9406
2711,22.167992,25.72477
2712,-48.704334,-48.55337
2713,-350.54056,-354.75937
2714,176.54834,174.13997
2715,-254.957,-257.44357
2716,572.0975,573.0332
2717,-452.74258,-455.39014
2718,-301.0551,-297.89075
2719,322.66943,320.46313
2720,111.683174,112.995926
2721,117.83521,118.68433
2722,111.26531,107.95808
2723,-215.30984,-216.50824
2724,-551.3045,-550.84393
2725,9.517349,11.146909
2726,84.29168,87.22625
2727,-406.45816,-408.00143
2728,5.775781,5.653297
2729,-398.47473,-396.6594
2730,243.78854,245.02142
2731,-250.25873,-251.85703
2732,52.461533,50.243835
2733,-184.55176,-184.61995
2734,373.29214,373.30804
2735,99.1312,99.59503
2736,-147.15588,-147.0057
2737,-296.41086,-297.85358
2738,301.63693,302.19272
2739,113.53855,113.9034
2740,304.90085,305.6773
2741,-419.39618,-418.85928
2742,-588.43555,-590.7582
2743,325.35782,323.21393
2744,-265.54092,-267.8735
2745,-14.17177,-15.340751
2746,-128.48589,-127.97899
2747,298.32285,295.89774
2748,113.418304,113.38183
2749,-556.0835,-557.72516
2750,268.26218,268.21396
2751,-14.2619705,-14.9043045
2752,15.311278,11.5004835
2753,520.06946,518.15875
2754,130.01144,130.65915
2755,70.58929,70.09836
2756,-631.5759,-633.14233
2757,521.31305,521.63745
2758,-98.2112,-97.98815
2759,-254.86658,-255.15845
2760,112.01569,111.67479
2761,-294.58032,-293.1599
2762,340.56522,339.74725
2763,-265.76932,-267.8904
2764,49.61371,49.1672
2765,278.46268,278.53082
2766,287.66733,288.0848
2767,362.36874,362.00467
2768,609.04694,609.45825
2769,-84.45109,-85.873375
2770,-402.20203,-403.24747
2771,447.10132,446.34933
2772,110.3832,109.90157
2773,-418.23727,-418.3575
2774,519.4456,520.53
2775,-412.13226,-410.77637
2776,390.85922,389.51932
2777,189.7887,188.54488
2778,469.56122,467.90054
2779,160.16158,159.86884
2780,3.0866039,3.9116228
2781,-130.23315,-128.84859
2782,552.1817,552.18896
2783,312.50497,312.84293
2784,39.478806,41.302864
2785,149.8377,148.88426
2786,267.23947,266.90326
2787,79.11062,79.94041
2788,-394.17908,-393.1926
2789,-88.48432,-87.19931
2790,-275.61368,-277.014
2791,-133.80132,-135.91982
2792,328.24475,327.80426
2793,84.59284,82.83292
2794,-255.22856,-256.86026
2795,-298.26358,-299.7483
2796,523.44403,524.54724
2797,-469.44858,-468.3685
2798,167.13275,166.64168
2799,-175.76077,-178.34349
2800,214.97273,217.01274
2801,116.05296,116.67946
2802,234.29593,234.65942
2803,559.5088,560.8374
2804,-272.48,-270.6853
2805,-27.787457,-32.63608
2806,277.09073,277.76733
2807,40.22555,40.27456
2808,324.2215,325.25446
2809,-92.2244,-92.97138
2810,-184.1661,-183.34001
2811,468.55453,469.41296
2812,91.46304,91.26311
2813,-105.05717,-103.00546
2814,-213.1803,-215.64783
2815,-2.8100574,-0.65935594
2816,62.58865,65.06105
2817,-463.88803,-464.89038
2818,-245.40091,-245.20801
2819,259.71298,259.6431
2820,-134.5123,-135.04356
2821,297.97806,299.83365
2822,683.7903,685.0969
2823,-34.545628,-37.08042
2824,33.73589,33.575676
2825,-355.3869,-355.5316
2826,407.72913,408.6809
2827,610.0403,610.2866
2828,-209.99521,-207.28165
2829,-289.16995,-289.95203
2830,44.552994,45.773136
2831,103.324715,98.86896
2832,73.29835,76.85836
2833,368.0348,367.3147
2834,12.061971,14.9538
2835,97.083244,97.84124
2836,406.19028,408.596
2837,-9.671265,-11.167555
2838,226.08032,225.60297
2839,-194.51744,-193.38722
2840,-364.7207,-364.67868
2841,220.84494,220.84886
2842,-481.87567,-483.29562
2843,-534.5281,-534.49286
2844,-195.12437,-191.79231
2845,28.99683,26.638613
2846,-155.87936,-155.60074
2847,-201.13174,-200.89484
2848,166.63553,169.25156
2849,-119.604515,-120.70622
2850,179.12279,181.27861
2851,61.101295,58.055435
2852,348.4764,348.30615
2853,289.49277,289.43127
2854,-31.111904,-28.724934
2855,280.0399,281.36563
2856,138.10867,138.15971
2857,-150.46799,-149.99196
2858,-64.43034,-65.70435
2859,-27.590725,-27.790741
2860,-307.77835,-308.77856
2861,680.9787,681.19403
2862,-530.96014,-532.99945
2863,386.85858,386.05093
2864,599.3756,600.6131
2865,152.36392,152.57944
2866,182.64078,181.45679
2867,-245.66815,-249.92801
2868,-39.878155,-40.817707
2869,28.009016,25.058758
2870,249.61371,250.00896
2871,738.66425,740.1682
2872,-201.501,-204.71535
2873,-122.80567,-126.039894
2874,-249.26056,-248.76883
2875,319.8707,322.57883
2876,-233.58316,-231.9072
2877,-119.66317,-120.48813
2878,-395.82364,-394.632
2879,-125.87174,-124.052666
2880,440.15598,440.93344
2881,38.544777,40.138676
2882,-18.600615,-19.93946
2883,172.28473,172.70885
2884,325.99533,326.52634
2885,43.038883,39.6724
2886,221.40375,224.48189
2887,-54.36752,-52.428535
2888,-1.0085157,-0.113247074
2889,555.549,556.08954
2890,563.27563,564.2484
2891,-565.11786,-564.2212
2892,-317.09213,-316.4945
2893,-60.652218,-62.101074
2894,-36.89063,-34.48264
2895,-145.0603,-145.58205
2896,-132.31714,-128.22519
2897,-341.54227,-340.82483
2898,134.56435,135.18283
2899,6.729646,5.156301
2900,-209.14706,-210.11832
2901,-69.2943,-69.02142
2902,90.60642,88.41444
2903,478.24768,479.2114
2904,650.8252,651.24194
2905,-312.81784,-313.6631
2906,-454.53104,-455.74518
2907,198.48466,201.56522
2908,85.53295,83.109276
2909,-34.105606,-31.963476
2910,55.039284,56.735783
2911,-146.74483,-144.03206
2912,314.87366,312.75507
2913,-618.28424,-618.07214
2914,-228.13913,-227.26552
2915,-185.69595,-179.44264
2916,354.15192,354.72015
2917,304.51486,305.54102
2918,434.93372,436.01065
2919,296.52164,296.47372
2920,68.806015,69.32897
2921,365.37192,366.2316
2922,446.37207,448.3795
2923,507.8422,508.9555
2924,9.193537,13.515294
2925,114.277794,113.30158
2926,-45.50765,-42.488365
2927,7.7694907,6.0223207
2928,441.1316,441.11383
2929,280.8746,278.7772
2930,-177.2359,-179.52255
2931,0.99851865,-2.1063194
2932,23.903393,27.498232
2933,-386.50455,-387.73987
2934,473.5554,474.95706
2935,56.90272,58.201195
2936,266.68463,265.80176
2937,221.56248,219.89816
2938,684.35876,685.3927
2939,78.38828,83.370766
2940,216.90399,221.72754
2941,-164.2702,-163.00711
2942,390.43375,391.48334
2943,-279.64368,-279.12695
2944,249.13753,251.15413
2945,-168.52438,-169.43852
2946,-271.20135,-268.82492
2947,270.94595,269.61932
2948,183.34296,183.69186
2949,-164.24995,-161.84836
2950,-615.6257,-618.08496
2951,438.22708,436.38358
2952,248.87758,245.95123
2953,319.4648,319.28992
2954,-294.2379,-294.0302
2955,386.17734,386.4594
2956,-297.00946,-296.37796
2957,-359.30533,-359.88837
2958,386.70505,386.8112
2959,-20.520065,-21.505297
2960,-33.650257,-32.634327
2961,-127.72013,-128.05672
2962,-9.0906515,-5.4074836
2963,252.86682,249.52756
2964,-120.88145,-119.15588
2965,1040.1146,1041.8737
2966,-319.28378,-320.9126
2967,953.0045,954.49036
2968,-50.348263,-49.255306
2969,-104.96757,-104.3283
2970,23.720322,23.568583
2971,-53.855953,-53.252693
2972,-298.9523,-301.04343
2973,348.4207,346.5576
2974,-209.89105,-209.37111
2975,-86.17594,-85.127235
2976,-182.12297,-182.247
2977,-54.031914,-54.754326
2978,-406.99176,-406.7385
2979,-103.85929,-104.9181
2980,-595.0625,-597.3547
2981,-319.06412,-316.04492
2982,280.01575,280.78632
2983,-128.13431,-128.48572
2984,-200.01154,-199.38367
2985,204.6726,206.23787
2986,-157.67825,-157.1858
2987,-252.51538,-250.67981
2988,98.0928,97.055145
2989,131.59557,130.26001
2990,121.87866,123.66987
2991,392.39017,392.12582
2992,268.41467,270.65552
2993,-470.45917,-474.03552
2994,-208.43231,-207.19185
2995,-199.97299,-199.9765
2996,40.33118,39.58457
2997,62.781097,61.176537
2998,-202.07132,-202.13649
2999,-291.6684,-289.219
